;Region, development group, country or area;Notes;Location code;Type of data;1990;1995;2000;2005;2010;2015;2020;1990;1995;2000;2005;2010;2015;2020;1990-1995;1995-2000;2000-2005;2005-2010;2010-2015;2015-2020
1;WORLD;;900;;18 977 581;18 142 316;16 503 717;13 814 075;16 153 794;24 485 993;33 807 795;12,4;11,2;9,5;7,2;7,3;9,9;12;-0,9;-1,9;-3,6;3,1;8,3;6,5
2;  Sub-Saharan Africa;;947;;4 494 798;5 076 802;3 080 836;2 659 365;2 337 822;5 462 096;5 893 738;33,8;35,6;23,4;18,6;14,7;26,4;26,5;2,4;-10;-2,9;-2,6;17;1,5
3;  Northern Africa and Western Asia;;1833;;3 769 356;4 649 756;4 913 157;5 384 189;6 935 618;11 062 202;13 481 636;21,4;24,6;24,2;23,2;21,2;26,3;27,1;4,2;1,1;1,8;5,1;9,3;4
4;  Central and Southern Asia;;921;;7 011 227;3 712 870;4 277 031;2 419 247;3 506 140;3 282 321;3 569 787;26,8;17,5;21,2;12,8;17,8;17;18,4;-12,7;2,8;-11,4;7,4;-1,3;1,7
5;  Eastern and South-Eastern Asia;;1832;; 460 736; 466 010; 612 677; 503 821; 513 571; 612 653; 656 437;6,7;5,6;5,8;3,9;3,3;3,4;3,4;0,2;5,5;-3,9;0,4;3,5;1,4
6;  Latin America and the Caribbean;;1830;;1 197 274; 352 309; 44 176; 48 592; 445 240; 382 584;4 797 904;16,8;5,3;0,7;0,7;5,3;4,1;32,4;-24,5;-41,5;1,9;44,3;-3;50,6
7;  Oceania (excluding Australia and New Zealand);;1835;; 8 089; 9 601; 7 066; 10 003; 9 713; 10 804; 11 042;3,1;3,4;2,4;3,3;3,3;3,6;3,5;3,4;-6,1;7;-0,6;2,1;0,4
8;  Australia and New Zealand;;927;; 102 581; 82 839; 76 169; 72 489; 28 088; 59 090; 157 455;2,3;1,7;1,5;1,3;0,4;0,8;1,7;-4,3;-1,7;-1;-19;14,9;19,6
9;  Europe and Northern America;;1829;;1 933 520;3 792 129;3 492 605;2 716 369;2 377 602;3 614 243;5 239 796;2,5;4,4;3,6;2,5;2;2,8;3,6;13,5;-1,6;-5;-2,7;8,4;7,4
10;  Developed regions;;901;;2 042 750;3 880 290;3 572 526;2 791 332;2 411 323;3 689 638;5 427 839;2,5;4,2;3,4;2,4;1,8;2,6;3,5;12,8;-1,7;-4,9;-2,9;8,5;7,7
11;  Less developed regions;;902;;16 934 831;14 262 026;12 931 191;11 022 743;13 742 471;20 796 355;28 379 956;24,1;20,9;18,7;14,7;15,2;19,3;23;-3,4;-2;-3,2;4,4;8,3;6,2
12; Less developed regions, excluding least developed countries;;934;;11 885 856;9 096 779;9 832 292;8 696 203;11 689 036;16 461 678;21 512 833;20,1;16,1;16,6;13,4;14,6;17,5;20,1;-5,3;1,6;-2,5;5,9;6,8;5,4
13; Less developed regions, excluding China;;948;;16 638 951;13 966 743;12 636 507;10 718 587;13 440 714;20 492 171;28 075 783;24,7;21,4;19,2;15,1;15,5;19,8;23,6;-3,5;-2;-3,3;4,5;8,4;6,3
14;  Least developed countries;;941;;5 048 975;5 165 247;3 098 899;2 326 540;2 053 435;4 334 677;6 867 123;45,6;44,2;30,8;23,8;19,7;32,3;42,4;0,5;-10,2;-5,7;-2,5;14,9;9,2
15;  Land-locked Developing Countries (LLDC);;1636;;2 466 944;1 708 822;1 416 388;1 371 761; 986 653;2 651 832;3 638 192;17,4;13,8;12,3;11,9;8,5;19,2;24,2;-7,3;-3,8;-0,6;-6,6;19,8;6,3
16;  Small island developing States (SIDS);;1637;; 50 107; 38 291; 26 089; 19 194; 21 164; 22 829; 135 125;2,2;1,4;0,8;0,5;0,4;0,4;2,4;-5,4;-7,7;-6,1;2;1,5;35,6
17;  High-income countries;;1503;;2 116 387;3 206 166;3 020 738;2 883 254;2 358 667;3 380 780;6 139 080;2,8;3,6;3;2,4;1,7;2,1;3,4;8,3;-1,2;-0,9;-4;7,2;11,9
18;  Middle-income countries;;1517;;12 127 964;10 642 054;11 145 232;9 078 672;10 828 045;16 884 750;21 605 961;18;16,6;17,4;14;15,7;21,5;25,2;-2,6;0,9;-4,1;3,5;8,9;4,9
19; Upper-middle-income countries;;1502;;6 192 358;5 729 633;5 601 638;4 444 046;5 319 259;10 981 562;14 748 625;17,5;16,3;15,6;11,6;12,6;21,5;25,7;-1,6;-0,5;-4,6;3,6;14,5;5,9
20; Lower-middle-income countries;;1501;;5 935 606;4 912 421;5 543 594;4 634 626;5 508 786;5 903 188;6 857 336;18,6;17;19,8;17,5;20,4;21,4;24,1;-3,8;2,4;-3,6;3,5;1,4;3
21;  Low-income countries;;1500;;4 726 629;4 290 795;2 337 747;1 852 149;2 967 067;4 220 462;6 062 743;51,4;47,7;31,9;25,6;33,8;40,9;49,6;-1,9;-12,1;-4,7;9,4;7;7,2
22; AFRICA;;903;;5 697 283;5 952 996;3 698 535;3 019 945;2 738 284;6 178 774;7 448 261;36,3;36,4;24,6;18,8;15,4;27;29,3;0,9;-9,5;-4,1;-2;16,3;3,7
23;  Eastern Africa;;910;;3 177 187;2 028 623;1 696 779;1 469 489;1 075 403;2 647 141;3 632 538;53,3;40,8;35;30,7;22,7;39,5;47,3;-9;-3,6;-2,9;-6,2;18;6,3
24;   Burundi;;108;B R; 267 929; 173 017; 27 136; 40 581; 41 427; 56 294; 87 476;80,4;67,9;21,6;21,1;16,8;18,9;25,4;-8,7;-37,1;8;0,4;6,1;8,8
25;   Comoros;;174;B;~;5;10;~;~;~;~;~;0;0,1;~;~;~;~;~;13,9;~;~;~;~
26;   Djibouti;;262;B R; 54 508; 27 310; 23 257; 10 475; 15 836; 22 006; 30 794;44,6;27,4;23,1;11,4;15,5;19,6;25,7;-13,8;-3,2;-16;8,3;6,6;6,7
27;   Eritrea;;232;I R;~; 1 083; 1 984; 6 009; 4 946; 2 550;199;~;8,7;15,3;37,8;31,3;16;1,4;~;12,1;22,2;-3,9;-13,2;-51
28;   Ethiopia;;231;B R; 741 965; 393 479; 197 959; 101 026; 155 323; 738 217; 734 812;64,2;48,8;32,4;19,6;27,3;63,5;67,7;-12,7;-13,7;-13,5;8,6;31,2;-0,1
29;   Kenya;;404;B R; 14 249; 234 665; 214 819; 267 731; 430 871; 593 881; 489 747;4,8;37,9;30,3;34,6;45,1;52,7;46,6;56;-1,8;4,4;9,5;6,4;-3,9
30;   Madagascar;;450;C R;~;~;50;~;~;22;249;~;~;0,2;~;~;0,1;0,7;~;~;~;~;~;48,5
31;   Malawi;;454;B R; 874 614; 1 018; 3 900; 9 571; 15 102; 23 489; 44 385;77,6;0,4;1,7;4,3;6,9;11,9;23,2;-135,1;26,9;18;9,1;8,8;12,7
32;   Mauritius*;;480;C;~;~;~;~;~;~;27;~;~;~;~;~;~;0,1;~;~;~;~;~;~
33;   Mayotte*;;175;B R;~;~;~;~;~;~;~;~;~;~;~;~;~;~;~;~;~;~;~;~
34;   Mozambique;;508;B R;420;128;207; 5 969; 9 991; 20 447; 25 691;0,3;0,1;0,1;2,2;3,3;6,4;7,6;-23,8;9,6;67,2;10,3;14,3;4,6
35;   Réunion*;;638;B;~;~;~;~;~;~;~;~;~;~;~;~;~;~;~;~;~;~;~;~
36;   Rwanda;;646;B R; 23 601; 7 792; 30 118; 49 507; 55 688; 145 151; 145 552;14,7;3,6;8,7;11,7;13;28,2;28,3;-22,2;27;9,9;2,4;19,2;0,1
37;   Seychelles;;690;B;~;~;~;~;~;~;~;~;~;~;~;~;~;~;~;~;~;~;~;~
38;   Somalia;;706;I R; 460 000;626;568;591; 26 048; 18 201; 35 672;96,2;3,2;2,8;2,8;54,1;44,4;60,9;-132;-1,9;0,8;75,7;-7,2;13,5
39;   South Sudan;;728;B R;~;~;~;~;~; 263 855; 301 995;~;~;~;~;~;31,3;34,2;~;~;~;~;~;2,7
40;   Uganda;;800;B R; 145 718; 229 350; 239 095; 259 065; 156 605; 512 966;1 381 122;26,8;37,8;40,9;43,7;31,8;60,3;80,3;9,1;0,8;1,6;-10,1;23,7;19,8
41;   United Republic of Tanzania*;;834;B R; 265 184; 829 671; 702 282; 549 131; 110 533; 213 995; 271 729;46,2;75;74;71,2;35,7;55,6;63,8;22,8;-3,3;-4,9;-32,1;13,2;4,8
42;   Zambia;;894;B R; 138 049; 129 965; 251 199; 155 864; 48 182; 28 858; 62 596;49,4;53,2;73,1;61,6;32,1;21,8;33,3;-1,2;13,2;-9,5;-23,5;-10,3;15,5
43;   Zimbabwe;;716;B R; 190 950;514; 4 195; 13 968; 4 851; 7 209; 20 492;30,1;0,1;1;3,5;1,2;1,8;4,9;-118,4;42;24,1;-21,2;7,9;20,9
44;  Middle Africa;;911;; 447 234;1 545 096; 608 840; 663 116; 815 947;1 210 405;1 493 673;30,6;58;34,3;33,8;33,5;34,8;38,7;24,8;-18,6;1,7;4,1;7,9;4,2
45;   Angola;;24;B R; 12 000; 11 404; 12 579; 14 869; 19 396; 45 698; 55 994;35,8;28,6;27,3;23,9;5,8;7,2;8,5;-1;2;3,3;5,3;17,1;4,1
46;   Cameroon;;120;B R; 49 876; 45 781; 45 313; 58 808; 106 658; 348 346; 416 208;18,8;18,7;19,9;22,1;36,6;68,5;71,9;-1,7;-0,2;5,2;11,9;23,7;3,6
47;   Central African Republic;;140;C R; 3 389; 33 856; 55 661; 26 529; 22 793; 7 664; 7 486;5;34;45,1;27,5;24,1;9,4;8,5;46;9,9;-14,8;-3;-21,8;-0,5
48;   Chad;;148;B R;~;100; 17 692; 275 480; 348 049; 372 438; 446 431;~;0,1;16,9;78,2;83,5;79,8;81,5;~;103,5;54,9;4,7;1,4;3,6
49;   Congo;;178;B R; 2 990; 19 404; 124 068; 69 561; 138 636; 49 297; 40 086;2,3;10,1;40,6;21,8;32,6;12,6;10,3;37,4;37,1;-11,6;13,8;-20,7;-4,1
50;   Democratic Republic of the Congo;;180;B R; 378 562;1 433 760; 332 509; 204 481; 167 268; 384 078; 526 931;50,2;78,9;44,7;32,8;28,4;47,4;55,3;26,6;-29,2;-9,7;-4;16,6;6,3
51;   Equatorial Guinea;;226;C;~;~;~;~;~;~;~;~;~;~;~;~;~;~;~;~;~;~;~;~
52;   Gabon;;266;C R;417;791; 21 018; 13 388; 13 147; 2 884;537;0,3;0,5;9,8;5,7;4,9;0,8;0,1;12,8;65,6;-9;-0,4;-30,3;-33,6
53;   Sao Tome and Principe;;678;C;~;~;~;~;~;~;~;~;~;~;~;~;~;~;~;~;~;~;~;~
54;  Northern Africa;;912;;1 202 485; 876 194; 617 699; 360 580; 400 462; 716 678;1 554 523;50;42,1;32,5;20,6;20,5;33,5;49,1;-6,3;-7;-10,8;2,1;11,6;15,5
55;   Algeria;;12;B R; 169 107; 192 489; 167 453; 94 407; 94 448; 100 775; 100 270;61,7;73,5;67;47,7;43,5;42,1;40;2,6;-2,8;-11,5;0;1,3;-0,1
56;   Egypt;;818;B R; 1 991; 5 407; 18 019; 99 951; 109 359; 250 671; 324 736;1,1;3,2;9,8;35,1;35,3;70,9;59,7;20;24,1;34,3;1,8;16,6;5,2
57;   Libya;;434;C R;~; 3 973; 11 543; 12 366; 11 117; 36 784; 45 458;~;0,8;2;2;1,6;4,8;5,5;~;21,3;1,4;-2,1;23,9;4,2
58;   Morocco;;504;C R;307;55; 2 105; 2 062; 1 072; 5 473; 9 756;0,6;0,1;4;3,7;1,5;5,9;9,5;-34,4;72,9;-0,4;-13,1;32,6;11,6
59;   Sudan;;729;B R;1 031 050; 674 071; 418 131; 151 681; 184 354; 322 220;1 071 034;73,5;64;51,9;27,8;29,8;51,9;77,7;-8,5;-9,6;-20,3;3,9;11,2;24
60;   Tunisia;;788;C R;30;199;448;113;112;755; 3 269;0,1;0,5;1,2;0,3;0,3;1,3;5,4;37,8;16,2;-27,5;-0,2;38,2;29,3
61;   Western Sahara;;732;I;~;~;~;~;~;~;~;~;~;~;~;~;~;~;~;~;~;~;~;~
62;  Southern Africa;;913;; 135 525; 105 184; 62 850; 180 361; 242 270;1 223 821; 286 093;9,7;8,8;5;11,4;10,3;35,2;9,2;-5,1;-10,3;21,1;5,9;32,4;-29,1
63;   Botswana;;72;B R; 1 220;266; 3 551; 3 156; 3 235; 2 265; 1 268;4,4;0,7;4,7;3,7;3,4;2,2;1,1;-30,5;51,8;-2,4;0,5;-7,1;-11,6
64;   Eswatini;;748;B R; 42 074;712;690; 1 016;759;964; 1 921;56,1;2;2;3;2,3;3;5,8;-81,6;-0,6;7,7;-5,8;4,8;13,8
65;   Lesotho;;426;C R; 2 231; 1 116;~;~;~;35;226;27,1;15,5;~;~;~;0,4;1,9;-13,9;~;~;~;~;37,3
66;   Namibia;;516;B R;~; 1 682; 28 407; 6 380; 8 675; 2 849; 5 097;~;1,5;21;5,9;8,4;2,8;4,7;~;56,5;-29,9;6,1;-22,3;11,6
67;   South Africa;;710;B R; 90 000; 101 408; 30 201; 169 809; 229 601;1 217 708; 277 581;7,7;10,1;3;12,6;10,9;37,7;9,7;2,4;-24,2;34,5;6;33,4;-29,6
68;  Western Africa;;914;; 734 852;1 397 899; 712 367; 346 399; 204 202; 380 729; 481 434;16,4;25,7;13,5;5,8;3,2;5,4;6,4;12,9;-13,5;-14,4;-10,6;12,5;4,7
69;   Benin;;204;C B R;657; 2 317; 3 977; 31 989; 7 240;708; 1 624;0,9;2,2;3;12,9;2,3;0,2;0,4;25,2;10,8;41,7;-29,7;-46,5;16,6
70;   Burkina Faso;;854;B R;350; 29 777; 1 010; 1 295; 1 065; 34 160; 25 902;0,1;6,4;0,2;0,2;0,2;4,8;3,6;88,9;-67,7;5;-3,9;69,4;-5,5
71;   Cabo Verde;;132;B R;~;~;~;~;~;~;~;~;~;~;~;~;~;~;~;~;~;~;~;~
72;   Côte d'Ivoire;;384;C B R; 136 381; 297 908; 120 691; 44 070; 26 474; 2 629; 2 190;7,5;14,3;5,6;1,9;1,1;0,1;0,1;15,6;-18,1;-20,1;-10,2;-46,2;-3,7
73;   Gambia;;270;B R;39; 6 599; 12 016; 7 932; 8 452; 7 854; 4 517;0;4,4;6,6;4,4;4,5;4,1;2,1;102,6;12;-8,3;1,3;-1,5;-11,1
74;   Ghana;;288;B R; 4 102; 83 200; 12 991; 59 033; 14 577; 19 265; 13 463;2,5;32,9;6,8;19;4,3;4,6;2,8;60,2;-37,1;30,3;-28;5,6;-7,2
75;   Guinea;;324;C B R; 325 000; 672 298; 427 206; 67 333; 14 877; 9 037; 6 956;80,5;86,8;76,3;28,8;8,3;7,1;5,7;14,5;-9,1;-37;-30,2;-10;-5,2
76;   Guinea-Bissau;;624;B R; 3 004; 15 350; 7 587; 7 782; 8 009; 8 807; 1 888;19,5;54,9;37,1;37,2;37,4;39,4;10,5;32,6;-14,1;0,5;0,6;1,9;-30,8
77;   Liberia;;430;B R;125; 120 080; 69 315; 10 197; 24 771; 36 520; 8 254;0,1;57,6;45,6;11,7;25;32,6;9,4;137,4;-11;-38,3;17,8;7,8;-29,7
78;   Mali;;466;B R; 13 411; 17 916; 8 412; 13 066; 15 261; 16 257; 27 678;8,3;10,2;4,4;5,1;4,5;3,9;5,7;5,8;-15,1;8,8;3,1;1,3;10,6
79;   Mauritania;;478;C R; 60 000; 34 394;350;724; 26 958; 77 891; 86 458;53,7;38,4;0,6;1,2;31,7;46,8;47,4;-11,1;-91,8;14,5;72,3;21,2;2,1
80;   Niger;;562;B R;792; 27 622;58;349;332; 124 827; 217 925;0,7;18,9;0;0,3;0,3;49,3;62,6;71;-123,3;35,9;-1;118,6;11,1
81;   Nigeria;;566;C R; 3 571; 8 118; 7 270; 9 439; 10 562; 1 781; 55 199;0,8;1,8;1,5;1;1,1;0,1;4,2;16,4;-2,2;5,2;2,2;-35,6;68,7
82;   Saint Helena*;;654;C;~;~;~;~;~;~;~;~;~;~;~;~;~;~;~;~;~;~;~;~
83;   Senegal;;686;B R; 58 113; 66 769; 22 715; 23 341; 22 849; 17 511; 16 273;21,5;23,2;9,8;9,8;8,9;6,6;5,9;2,8;-21,6;0,5;-0,4;-5,3;-1,5
84;   Sierra Leone;;694;B R; 125 830; 4 675; 6 546; 60 142; 8 573;777;443;56,6;4,7;6,7;41,1;10,8;1,3;0,8;-65,9;6,7;44,4;-39;-48;-11,2
85;   Togo;;768;C R; 3 477; 10 876; 12 223; 9 707; 14 202; 22 705; 12 664;4,1;10,7;8,9;4,8;5,6;8,2;4,5;22,8;2,3;-4,6;7,6;9,4;-11,7
86; ASIA;;935;;10 038 834;7 952 442;9 185 166;7 946 677;10 554 867;14 240 498;16 153 337;20,8;17,1;18,7;14,9;16;18,4;18,9;-4,7;2,9;-2,9;5,7;6;2,5
87;  Central Asia;;5500;; 3 000; 55 538; 101 526; 67 968; 12 892; 3 707; 6 499;0;0,9;2;1,3;0,2;0,1;0,1;58,4;12,1;-8;-33,2;-24,9;11,2
88;   Kazakhstan;;398;B R;~; 15 561; 20 579; 7 330; 4 720;805;742;~;0,5;0,7;0,2;0,1;0;0;~;5,6;-20,6;-8,8;-35,4;-1,6
89;   Kyrgyzstan;;417;B R;~; 13 407; 10 995; 3 096; 3 012;512;517;~;2,6;2,8;1;1,3;0,3;0,3;~;-4;-25,3;-0,6;-35,4;0,2
90;   Tajikistan;;762;B R; 3 000;620; 15 597; 1 040; 4 787; 2 257; 5 204;0,7;0,2;5,2;0,4;1,7;0,8;1,9;-31,5;64,5;-54,2;30,5;-15;16,7
91;   Turkmenistan;;795;B R;~; 23 323; 14 757; 11 965;62;26;22;~;8,5;6,7;5,6;0;0;0;~;-9,2;-4,2;-105,3;-17,4;-3,3
92;   Uzbekistan;;860;B R;~; 2 627; 39 598; 44 537;311;107;14;~;0,2;2,8;3,3;0;0;0;~;54,3;2,4;-99,3;-21,3;-40,7
93;  Eastern Asia;;906;; 302 759; 300 610; 298 488; 307 220; 308 473; 327 409; 363 563;7,6;6,5;5,5;4,9;4,4;4,2;4,1;-0,1;-0,1;0,6;0,1;1,2;2,1
94;   China*;;156;C; 285 788; 289 747; 293 705; 301 125; 301 108; 301 729; 304 041;75,9;65,5;57,8;44,4;35,4;30,9;29,2;0,3;0,3;0,5;0;0;0,2
95;   China, Hong Kong SAR*;;344;B R; 10 092; 5 536;979; 3 031;640; 2 448;130;0,5;0,2;0;0,1;0;0,1;0;-12;-34,6;22,6;-31,1;26,8;-58,7
96;   China, Macao SAR*;;446;B;~;~;~;~;9;7;~;~;~;~;~;0;0;~;~;~;~;~;-5;~
97;   China, Taiwan Province of China*;;158;;~;~;~;~;~;~;~;~;~;~;~;~;~;~;~;~;~;~;~;~
98;   Dem. People's Republic of Korea;;408;I;~;~;~;~;~;~;~;~;~;~;~;~;~;~;~;~;~;~;~;~
99;   Japan;;392;C; 6 649; 5 322; 3 752; 2 474; 5 633; 16 305; 30 588;0,6;0,4;0,2;0,1;0,3;0,7;1,1;-4,5;-7;-8,3;16,5;21,3;12,6
100;   Mongolia;;496;C R;~;~;~;~;13;15;10;~;~;~;~;0,1;0,1;0;~;~;~;~;2,9;-8,1
101;   Republic of Korea;;410;C R;230;5;52;588; 1 070; 6 905; 28 792;0,5;0;0;0,1;0,1;0,5;1,7;-76,6;46,8;48,5;12;37,3;28,6
102;  South-Eastern Asia;;920;; 157 977; 165 400; 314 189; 196 601; 205 098; 285 244; 292 874;5,5;4,5;6,1;2,9;2,4;2,8;2,8;0,9;12,8;-9,4;0,8;6,6;0,5
103;   Brunei Darussalam;;96;B;~;~;~;~;~;~;~;~;~;~;~;~;~;~;~;~;~;~;~;~
104;   Cambodia;;116;B R;~;15;34;195;180;103;27;~;0;0;0,2;0,2;0,1;0;~;16,4;34,9;-1,6;-11,2;-26,8
105;   Indonesia;;360;B R; 2 138;202; 142 562;147; 2 882; 13 548; 13 657;0,5;0,1;48,8;0,1;0,9;4;3,8;-47,2;131,2;-137,5;59,5;31;0,2
106;   Lao People's Democratic Republic;;418;C R;~;~;~;~;~;~;~;~;~;~;~;~;~;~;~;~;~;~;~;~
107;   Malaysia*;;458;C R; 14 862; 23 323; 50 487; 44 531; 92 855; 154 581; 179 744;2,1;2,5;3,4;2,3;3,8;4,7;5,2;9;15,4;-2,5;14,7;10,2;3
108;   Myanmar;;104;C;~;~;~;~;~;~;~;~;~;~;~;~;~;~;~;~;~;~;~;~
109;   Philippines;;608;C R; 19 860;783;196;138;316;479; 1 023;12,9;0,4;0,1;0,1;0,2;0,2;0,5;-64,7;-27,7;-7;16,6;8,3;15,2
110;   Singapore;;702;B;146;112;~;~;7;~;~;0;0;~;~;0;~;~;-5,3;~;~;~;~;~
111;   Thailand;;764;B R; 99 821; 106 565; 104 965; 149 216; 106 925; 116 532; 98 418;18,9;13,2;8,3;6,8;3,3;3,4;2,7;1,3;-0,3;7;-6,7;1,7;-3,4
112;   Timor-Leste;;626;B R;~;~;~;13;5;~;~;~;~;~;0,1;0;~;~;~;~;~;-19,1;~;~
113;   Viet Nam;;704;C R; 21 150; 34 400; 15 945; 2 357; 1 928;~;~;75,2;67,1;28,1;4,6;3,1;~;~;9,7;-15,4;-38,2;-4;~;~
114;  Southern Asia;;5501;;7 008 227;3 657 332;4 175 505;2 351 279;3 493 248;3 278 614;3 563 288;35,9;23,8;27,9;17,3;24,2;23,6;25,7;-13;2,7;-11,5;7,9;-1,3;1,7
115;   Afghanistan;;4;B R;25; 19 605;~;46; 6 464; 257 636; 72 479;0;27,4;~;0,1;6,3;75,9;50,3;133,3;~;~;98,9;73,7;-25,4
116;   Bangladesh;;50;B R;73; 10 996; 21 919; 21 156; 229 253; 231 958; 854 820;0;1,2;2,2;2;17;16,3;40,4;100,3;13,8;-0,7;47,7;0,2;26,1
117;   Bhutan;;64;B;~;~;~;~;~;~;~;~;~;~;~;~;~;~;~;~;~;~;~;~
118;   India;;356;B R; 212 743; 227 480; 171 000; 139 586; 188 567; 207 861; 207 334;2,8;3,3;2,7;2,4;3,4;4;4,2;1,3;-5,7;-4,1;6;1,9;-0,1
119;   Iran (Islamic Republic of);;364;C R;3 512 201;2 071 988;1 851 844; 974 436;1 075 141; 979 479; 979 468;81,8;70,5;74,8;38,2;39,5;35,9;35;-10,6;-2,2;-12,8;2;-1,9;0
120;   Maldives;;462;C;~;~;~;~;~;~;~;~;~;~;~;~;~;~;~;~;~;~;~;~
121;   Nepal;;524;B R; 17 325; 124 754; 129 237; 127 708; 90 746; 32 684; 19 634;4;18,1;18;18,8;15,6;6,4;4;39,5;0,7;-0,2;-6,8;-20,4;-10,2
122;   Pakistan;;586;B R;3 265 845;1 202 493;2 001 466;1 088 120;1 902 716;1 567 604;1 428 147;52,6;32,8;47,9;34,3;48,2;44,7;43,6;-20;10,2;-12,2;11,2;-3,9;-1,9
123;   Sri Lanka;;144;B R;15;16;39;227;361; 1 392; 1 406;0;0;0,1;0,6;0,9;3,5;3,5;1,3;17,8;35,2;9,3;27;0,2
124;  Western Asia;;922;;2 566 871;3 773 562;4 295 458;5 023 609;6 535 156;10 345 524;11 927 113;16,9;22,4;23,3;23,5;21,3;25,9;25,6;7,7;2,6;3,1;5,3;9,2;2,8
125;   Armenia;;51;B R;~; 218 950; 280 591; 219 620; 3 319; 19 385; 18 158;~;31,5;42,6;46,8;1,6;10,1;9,5;~;5;-4,9;-83,8;35,3;-1,3
126;   Azerbaijan*;;31;B R;~; 233 682; 54 663; 3 119; 1 908; 1 498; 1 288;~;67,9;16,7;1;0,7;0,6;0,5;~;-29,1;-57,3;-9,8;-4,8;-3
127;   Bahrain;;48;C R; 1 780;891;~;15;234;360;312;1;0,4;~;0;0;0;0;-13,8;~;~;54,9;8,6;-2,9
128;   Cyprus*;;196;B;17;57;97; 13 768; 8 790; 9 319; 31 168;0;0,1;0,1;11,2;4,7;5,3;16,4;24,2;10,6;99,1;-9;1,2;24,1
129;   Georgia*;;268;B R;~; 3 200; 6 400; 2 505;683; 2 712; 2 486;~;2,1;8,4;3,5;0,9;3,5;3,1;~;13,9;-18,8;-26;27,6;-1,7
130;   Iraq;;368;C R;900; 116 722; 127 787; 52 125; 37 728; 285 121; 286 930;1,1;58,5;60,7;38,7;31,3;79,3;78,4;97,3;1,8;-17,9;-6,5;40,5;0,1
131;   Israel;;376;B R;~; 1 051; 2 102; 1 548; 31 046; 44 623; 54 611;~;0,1;0,1;0,1;1,6;2,2;2,8;~;13,9;-6,1;60;7,3;4
132;   Jordan;;400;C R; 929 482;1 250 358;1 571 234;1 845 412;2 436 807;2 806 414;3 017 401;81,1;81,3;81,5;83,9;87,4;88,6;87,3;5,9;4,6;3,2;5,6;2,8;1,4
133;   Kuwait;;414;C R; 30 000; 3 306; 2 776; 1 726; 3 459; 1 641; 1 765;2,8;0,4;0,2;0,1;0,2;0,1;0,1;-44,1;-3,5;-9,5;13,9;-14,9;1,5
134;   Lebanon;;422;B R; 305 499; 342 697; 379 894; 406 698; 435 120;1 535 662;1 404 312;58,3;56,3;54,8;54,8;54,9;80,1;82;2,3;2,1;1,4;1,4;25,2;-1,8
135;   Oman;;512;C R;~;~;~;11;91;435;563;~;~;~;0;0;0;0;~;~;~;42,3;31,3;5,2
136;   Qatar;;634;C;~;~;35;74;67;238;303;~;~;0;0;0;0;0;~;~;15;-2;25,4;4,8
137;   Saudi Arabia;;682;C R; 33 261; 13 169; 5 480; 240 913;669;157; 2 651;0,7;0,3;0,1;3,7;0;0;0;-18,5;-17,5;75,7;-117,7;-29;56,5
138;   State of Palestine*;;275;B; 910 637;1 159 134;1 407 631;1 685 851;1 885 188;2 051 096;2 319 073;..;..;..;..;..;..;..;4,8;3,9;3,6;2,2;1,7;2,5
139;   Syrian Arab Republic;;760;C R; 282 794; 363 644; 390 811; 460 035;1 480 027; 554 980; 590 594;39,6;43,8;46,8;52,1;83;66,4;68;5;1,4;3,3;23,4;-19,6;1,2
140;   Turkey;;792;B R; 30 534; 12 841; 3 103; 7 271; 16 747;2 753 760;3 907 788;2,6;1,1;0,2;0,5;1,2;63,4;64,6;-17,3;-28,4;17;16,7;102,1;7
141;   United Arab Emirates;;784;C R;433;407;897;183;624; 1 084; 8 517;0;0;0;0;0;0;0,1;-1,2;15,8;-31,8;24,5;11;41,2
142;   Yemen;;887;C R; 41 534; 53 453; 61 956; 82 735; 192 649; 277 039; 279 193;34,9;39,2;42,7;48,1;66,8;72,9;72,1;5;3;5,8;16,9;7,3;0,2
143; EUROPE;;908;;1 323 376;3 016 710;2 472 899;1 999 563;1 890 174;2 899 343;3 851 712;2,7;5,6;4,3;3,1;2,7;3,9;4,4;16,5;-4;-4,2;-1,1;8,6;5,7
144;  Eastern Europe;;923;; 45 774; 52 683; 45 370; 35 092; 49 327; 421 850; 106 411;0,2;0,2;0,2;0,2;0,3;2,1;0,5;2,8;-3;-5,1;6,8;42,9;-27,5
145;   Belarus;;112;B;~; 28 988;869;781;655; 2 088; 2 877;~;2,4;0,1;0,1;0,1;0,2;0,3;~;-70,1;-2,1;-3,5;23,2;6,4
146;   Bulgaria;;100;B;~; 1 320; 2 790; 5 218; 6 942; 26 056; 21 521;~;4,1;6,4;8,5;9,1;21;11,7;~;15;12,5;5,7;26,5;-3,8
147;   Czechia;;203;C;~; 2 655; 1 209; 2 726; 3 514; 4 303; 3 725;~;1,6;0,5;0,8;0,9;1;0,7;~;-15,7;16,3;5,1;4,1;-2,9
148;   Hungary;;348;B; 45 123; 11 394; 6 698; 8 730; 5 781; 41 086; 6 006;13;3,5;2,3;2,4;1,3;8,6;1;-27,5;-10,6;5,3;-8,2;39,2;-38,5
149;   Poland;;616;B;~;600; 1 020; 6 231; 17 681; 17 368; 17 464;~;0,1;0,1;0,9;2,8;2,8;2,1;~;10,6;36,2;20,9;-0,4;0,1
150;   Republic of Moldova*;;498;B;~;~;266;232;229;556;530;~;~;0,1;0,1;0,2;0,5;0,5;~;~;-2,7;-0,3;17,7;-1
151;   Romania;;642;B;651;194; 1 685; 2 320; 1 409; 3 030; 4 804;0,5;0,1;1,3;1,6;0,8;1,1;0,7;-24,2;43,2;6,4;-10;15,3;9,2
152;   Russian Federation;;643;B;~;~; 26 956; 1 815; 6 385; 316 595; 43 895;~;~;0,2;0;0,1;2,7;0,4;~;~;-54;25,2;78,1;-39,5
153;   Slovakia;;703;B;~; 2 339;846; 3 075;728;993;987;~;3,4;0,7;2,4;0,5;0,6;0,5;~;-20,3;25,8;-28,8;6,2;-0,1
154;   Ukraine*;;804;B;~; 5 193; 3 031; 3 964; 6 003; 9 775; 4 602;~;0,1;0,1;0,1;0,1;0,2;0,1;~;-10,8;5,4;8,3;9,8;-15,1
155;  Northern Europe;;924;; 207 043; 396 827; 499 978; 516 495; 454 535; 651 887; 623 507;3,1;5,5;6,3;5,4;4;4,9;4,2;13;4,6;0,7;-2,6;7,2;-0,9
156;   Channel Islands*;;830;B;~;~;~;~;~;~;~;~;~;~;~;~;~;~;~;~;~;~;~;~
157;   Denmark*;;208;B; 31 827; 50 924; 70 021; 44 884; 21 285; 30 274; 38 992;13,5;16,8;18,9;10,2;4,3;5,1;5,4;9,4;6,4;-8,9;-14,9;7;5,1
158;   Estonia;;233;B;~;~;~;15;49;254;373;~;~;~;0;0;0,1;0,2;~;~;~;23,7;32,9;7,7
159;   Faroe Islands*;;234;B;~;~;~;~;~;~;~;~;~;~;~;~;~;~;~;~;~;~;~;~
160;   Finland*;;246;B; 2 174; 7 624; 13 073; 11 809; 10 821; 37 069; 31 808;3,4;7,6;9,6;6,1;4,7;11,8;8,2;25,1;10,8;-2;-1,7;24,6;-3,1
161;   Iceland;;352;B;43;146;249;322;122;340; 1 323;0,4;1,1;1,6;1,3;0,3;0,9;2;24,4;10,7;5,1;-19,4;20,5;27,2
162;   Ireland;;372;B;360;400; 14 610; 9 527; 14 236; 11 180; 15 680;0,2;0,2;4,2;1,6;1,9;1,5;1,8;2,1;72;-8,6;8;-4,8;6,8
163;   Isle of Man*;;833;B;~;~;~;~;~;~;~;~;~;~;~;~;~;~;~;~;~;~;~;~
164;   Latvia;;428;B;~;~;7;20;121;387;724;~;~;0;0;0;0,1;0,3;~;~;21;36;23,3;12,5
165;   Lithuania;;440;B;~;~;55;586;874; 1 175; 2 250;~;~;0;0,3;0,5;0,9;1,5;~;~;47,3;8;5,9;13
166;   Norway*;;578;B; 19 581; 47 607; 47 693; 43 034; 52 733; 75 705; 55 426;10,2;20,4;16,3;11,9;10,1;10,1;6,5;17,8;0;-2,1;4,1;7,2;-6,2
167;   Sweden;;752;B; 109 663; 199 212; 168 020; 90 617; 101 264; 326 566; 281 869;13,9;21,3;16,7;8;7,6;20,4;14,1;11,9;-3,4;-12,3;2,2;23,4;-2,9
168;   United Kingdom*;;826;B; 43 395; 90 909; 186 248; 315 681; 253 030; 168 937; 195 062;1,2;2,2;3,9;5,3;3,6;2;2,1;14,8;14,3;10,6;-4,4;-8,1;2,9
169;  Southern Europe;;925;; 33 975; 905 781; 589 293; 204 263; 232 523; 302 439; 684 556;0,8;14,5;7,7;1,7;1,4;1,9;3,9;65,7;-8,6;-21,2;2,6;5,3;16,3
170;   Albania;;8;B; 3 000; 4 720;528;91;99;934;131;4,5;6,6;0,7;0,1;0,2;1,8;0,3;9,1;-43,8;-35,2;1,7;44,9;-39,3
171;   Andorra;;20;C;~;~;~;~;~;~;~;~;~;~;~;~;~;~;~;~;~;~;~;~
172;   Bosnia and Herzegovina;;70;I R;~;~; 38 152; 10 783; 7 169; 6 821; 5 974;~;~;46;22,8;18,4;17,7;16,6;~;~;-25,3;-8,2;-1;-2,7
173;   Croatia;;191;B;~; 198 647; 22 437; 2 935; 1 017;575; 1 383;~;29,5;3,8;0,5;0,2;0,1;0,3;~;-43,6;-40,7;-21,2;-11,4;17,6
174;   Gibraltar*;;292;B;~;~;~;~;~;~;~;~;~;~;~;~;~;~;~;~;~;~;~;~
175;   Greece;;300;B; 8 488; 4 428; 9 032; 11 257; 57 168; 50 979; 186 166;1,4;0,5;0,8;0,9;4,3;4,1;13,9;-13;14,3;4,4;32,5;-2,3;25,9
176;   Holy See*;;336;I;~;~;~;~;~;~;~;~;~;~;~;~;~;~;~;~;~;~;~;~
177;   Italy;;380;B; 12 379; 9 408; 6 437; 20 675; 60 473; 178 203; 254 665;0,9;0,5;0,3;0,5;1;3,1;4;-5,5;-7,6;23,3;21,5;21,6;7,1
178;   Malta;;470;B;~;416;190; 2 088; 7 431; 7 665; 12 601;~;2,3;0,9;8,5;22,5;14,6;11;~;-15,7;47,9;25,4;0,6;9,9
179;   Montenegro;;499;B;~;~;~;~; 16 369; 1 791; 1 151;~;~;~;~;20,8;2,5;1,6;~;~;~;~;-44,3;-8,8
180;   North Macedonia;;807;B;~; 9 048; 9 051; 1 997; 1 559;718;433;~;8,3;7,2;1,6;1,2;0,5;0,3;~;0;-30,2;-5;-15,5;-10,1
181;   Portugal;;620;B;867;248;433;363;456; 1 433; 3 466;0,2;0;0,1;0;0,1;0,2;0,3;-25;11,1;-3,5;4,6;22,9;17,7
182;   San Marino;;674;C;~;~;~;~;~;~;~;~;~;~;~;~;~;~;~;~;~;~;~;~
183;   Serbia*;;688;B;938; 650 700; 484 403; 148 264; 73 817; 35 448; 26 715;0,9;74,7;49,5;17,3;8,9;4,4;3,2;130,8;-5,9;-23,7;-13,9;-14,7;-5,7
184;   Slovenia;;705;B;~; 22 314; 11 643;436;433;395; 1 080;~;12,8;5,4;0,2;0,2;0,2;0,4;~;-13;-65,7;-0,1;-1,8;20,1
185;   Spain*;;724;B; 8 303; 5 852; 6 987; 5 374; 6 532; 17 477; 190 791;1;0,6;0,4;0,1;0,1;0,3;2,8;-7;3,5;-5,2;3,9;19,7;47,8
186;  Western Europe;;926;;1 036 584;1 661 419;1 338 258;1 243 713;1 153 789;1 523 167;2 437 238;6,2;8,9;6,4;5,6;4,8;5,9;7,3;9,4;-4,3;-1,5;-1,5;5,6;9,4
187;   Austria;;40;B; 37 172; 42 980; 48 787; 61 940; 68 255; 152 291; 162 680;4,7;4,8;4,9;5,5;5,4;10,3;9,4;2,9;2,5;4,8;1,9;16,1;1,3
188;   Belgium;;56;B; 25 721; 31 691; 18 832; 34 195; 36 180; 71 323; 72 570;2;2,5;1,5;2,7;2,4;4;3,6;4,2;-10,4;11,9;1,1;13,6;0,3
189;   France*;;250;B; 193 000; 155 245; 132 508; 178 595; 249 263; 336 183; 510 080;3,3;2,6;2,1;2,7;3,4;4,3;6;-4,4;-3,2;6;6,7;6;8,3
190;   Germany;;276;B; 722 250;1 267 900; 906 000; 771 640; 646 260; 736 740;1 455 947;12,2;17;10,1;8,2;6,6;7,2;9,2;11,3;-6,7;-3,2;-3,5;2,6;13,6
191;   Liechtenstein;;438;B;~;~;70;210;136;247;162;~;~;0,5;1,1;0,6;1;0,6;~;~;22;-8,7;11,9;-8,4
192;   Luxembourg;;442;B;344;700;759; 1 822; 3 951; 3 727; 4 357;0,3;0,6;0,5;1,2;2,4;1,5;1,5;14,2;1,6;17,5;15,5;-1,2;3,1
193;   Monaco;;492;B;~;~;~;~;~;32;22;~;~;~;~;~;0,1;0,1;~;~;~;~;~;-7,5
194;   Netherlands*;;528;B; 17 154; 79 960; 146 180; 132 853; 88 014; 116 587; 110 052;1,5;5,9;9,4;7,7;4,8;5,8;4,7;30,8;12,1;-1,9;-8,2;5,6;-1,2
195;   Switzerland;;756;B; 40 943; 82 943; 85 122; 62 458; 61 729; 106 037; 121 368;2,9;5,6;5,4;3,5;3;4,7;4,9;14,1;0,5;-6,2;-0,2;10,8;2,7
196; LATIN AMERICA AND THE CARIBBEAN;;904;;1 197 274; 352 309; 44 176; 48 592; 445 240; 382 584;4 797 904;16,8;5,3;0,7;0,7;5,3;4,1;32,4;-24,5;-41,5;1,9;44,3;-3;50,6
197;  Caribbean;;915;; 6 632; 3 532; 1 612;738; 3 018; 2 086; 96 115;0,6;0,3;0,1;0,1;0,2;0,1;6;-12,6;-15,7;-15,6;28,2;-7,4;76,6
198;   Anguilla*;;660;B R;~;~;~;~;~;~;11;~;~;~;~;~;~;0,2;~;~;~;~;~;~
199;   Antigua and Barbuda;;28;B R;~;~;~;~;~;15;~;~;~;~;~;~;0,1;~;~;~;~;~;~;~
200;   Aruba*;;533;B R;~;~;~;~;~;~; 17 008;~;~;~;~;~;~;31,7;~;~;~;~;~;~
201;   Bahamas;;44;B R;~;50;100;~;37;29;30;~;0,2;0,3;~;0,1;0;0;~;13,9;~;~;-4,9;0,7
202;   Barbados;;52;B R;~;~;~;~;~;~;7;~;~;~;~;~;~;0;~;~;~;~;~;~
203;   Bonaire, Sint Eustatius and Saba*;;535;B;~;~;~;~;~;~;~;~;~;~;~;~;~;~;~;~;~;~;~;~
204;   British Virgin Islands*;;92;B R;~;~;~;~;~;~;~;~;~;~;~;~;~;~;~;~;~;~;~;~
205;   Cayman Islands*;;136;C R;~;~;~;~;5;16;101;~;~;~;~;0;0,1;0,3;~;~;~;~;23,3;36,9
206;   Cuba;;192;B; 3 989; 2 475;961;738;422;328;270;11,5;9,5;5,2;6,3;5,7;7,1;8,9;-9,5;-18,9;-5,3;-11,2;-5;-3,9
207;   Curaçao*;;531;B R;~;~;~;~;9;78; 16 585;~;~;~;~;0;0,2;29;~;~;~;~;43,2;107,2
208;   Dominica;;212;B;~;~;~;~;~;~;~;~;~;~;~;~;~;~;~;~;~;~;~;~
209;   Dominican Republic;;214;B R; 2 643;985;510;~; 2 358; 1 373; 34 549;0,9;0,3;0,1;~;0,6;0,2;5,7;-19,7;-13,2;~;~;-10,8;64,5
210;   Grenada;;308;B;~;~;~;~;~;~;~;~;~;~;~;~;~;~;~;~;~;~;~;~
211;   Guadeloupe*;;312;B;~;~;~;~;~;~;~;~;~;~;~;~;~;~;~;~;~;~;~;~
212;   Haiti;;332;B R;~;~;~;~;~;14;11;~;~;~;~;~;0,1;0,1;~;~;~;~;~;-4,8
213;   Jamaica;;388;B R;~;19;38;~;21;17;126;~;0,1;0,2;~;0,1;0,1;0,5;~;13,9;~;~;-4,2;40,1
214;   Martinique*;;474;B R;~;~;~;~;~;~;~;~;~;~;~;~;~;~;~;~;~;~;~;~
215;   Montserrat*;;500;B;~;~;~;~;14;~;~;~;~;~;~;1,1;~;~;~;~;~;~;~;~
216;   Puerto Rico*;;630;B;~;~;~;~;~;~;~;~;~;~;~;~;~;~;~;~;~;~;~;~
217;   Saint Barthélemy*;;652;;~;~;~;~;~;~;~;~;~;~;~;~;~;~;~;~;~;~;~;~
218;   Saint Kitts and Nevis;;659;B R;~;~;~;~;~;~;~;~;~;~;~;~;~;~;~;~;~;~;~;~
219;   Saint Lucia;;662;B R;~;~;~;~;6;~;~;~;~;~;~;0,1;~;~;~;~;~;~;~;~
220;   Saint Martin (French part)*;;663;;~;~;~;~;~;~;~;~;~;~;~;~;~;~;~;~;~;~;~;~
221;   Saint Vincent and the Grenadines;;670;B R;~;~;~;~;~;~;38;~;~;~;~;~;~;0,8;~;~;~;~;~;~
222;   Sint Maarten (Dutch part)*;;534;B R;~;~;~;~;~;11;9;~;~;~;~;~;0;0;~;~;~;~;~;-4
223;   Trinidad and Tobago;;780;B R;~;~;~;~;131;195; 27 352;~;~;~;~;0,3;0,4;34,7;~;~;~;~;8;98,9
224;   Turks and Caicos Islands*;;796;B R;~;~;~;~;~;~;~;~;~;~;~;~;~;~;~;~;~;~;~;~
225;   United States Virgin Islands*;;850;B;~;~;~;~;~;~;~;~;~;~;~;~;~;~;~;~;~;~;~;~
226;  Central America;;916;;1 162 216; 313 977; 37 295; 18 411; 39 449; 33 083; 405 184;63,5;24,2;3,4;1,3;2,3;1,8;17,6;-26,2;-42,6;-14,1;15,2;-3,5;50,1
227;   Belize;;84;B R ; 30 404; 8 750; 9 812;638;164;755; 2 179;100;26,2;26,9;1,5;0,4;1,4;3,5;-24,9;2,3;-54,7;-27,2;30,5;21,2
228;   Costa Rica;;188;B R; 277 505; 24 226; 6 608; 11 476; 19 880; 6 899; 114 235;66,4;6,7;2,1;3,2;4,9;1,7;21,9;-48,8;-26;11;11;-21,2;56,1
229;   El Salvador;;222;B R; 20 515; 10 279;42;50;56;49;85;43,3;26;0,1;0,1;0,1;0,1;0,2;-13,8;-110;3,5;2,3;-2,7;11
230;   Guatemala;;320;B R; 223 239; 111 983;726;394;140;351; 1 048;84,5;71,7;1,5;0,7;0,2;0,5;1,2;-13,8;-100,8;-12,2;-20,7;18,4;21,9
231;   Honduras;;340;B R; 237 144; 118 578;11;72;14;39;186;87,7;79,3;0;0,3;0,1;0,1;0,5;-13,9;-185,7;37,6;-32,8;20,5;31,2
232;   Mexico;;484;B R; 356 454; 38 717; 18 451; 3 390; 1 567; 4 273; 150 985;51,2;8,4;3,4;0,5;0,2;0,4;12,6;-44,4;-14,8;-33,9;-15,4;20,1;71,3
233;   Nicaragua;;558;B R; 15 605;577;332;228;76;461;459;37,7;2,2;1,1;0,7;0,2;1,1;1,1;-66;-11,1;-7,5;-22;36,1;-0,1
234;   Panama;;591;B R; 1 350;867; 1 313; 2 163; 17 552; 20 256; 136 007;2,2;1,2;1,6;2;11,1;11;43,4;-8,9;8,3;10;41,9;2,9;38,1
235;  South America;;931;; 28 426; 34 800; 5 269; 29 443; 402 773; 347 415;4 296 605;0,7;0,8;0,1;0,6;7,7;5,7;39,5;4;-37,8;34,4;52,3;-3;50,3
236;   Argentina;;32;B R; 12 185; 7 278; 2 371; 3 899; 4 223; 4 284; 185 268;0,7;0,5;0,2;0,2;0,2;0,2;8,1;-10,3;-22,4;9,9;1,6;0,3;75,3
237;   Bolivia (Plurinational State of);;68;B R;235;685;354;538;736;775; 6 594;0,3;0,8;0,4;0,5;0,6;0,5;4;21,4;-13,2;8,4;6,3;1;42,8
238;   Brazil;;76;B R; 5 333; 19 605;~; 3 653; 5 229; 29 522; 363 676;0,7;2,6;~;0,6;0,9;4,2;33,7;26;~;~;7,2;34,6;50,2
239;   Chile;;152;B;179;262;344;913; 1 895; 2 913; 463 310;0,2;0,2;0,2;0,3;0,5;0,5;28,2;7,6;5,4;19,5;14,6;8,6;101,4
240;   Colombia;;170;B;580;408;235;196;379;341;1 781 002;0,6;0,4;0,2;0,2;0,3;0,2;93,5;-7;-11;-3,6;13,2;-2,1;171,2
241;   Ecuador;;218;B R;634;796;958; 12 552; 171 136; 133 118; 503 644;0,8;0,7;0,6;6,6;45,6;34,4;64,2;4,6;3,7;51,5;52,3;-5;26,6
242;   Falkland Islands (Malvinas)*;;238;B;~;~;~;~;~;~;~;~;~;~;~;~;~;~;~;~;~;~;~;~
243;   French Guiana*;;254;B R; 6 601; 3 301;~;~;~;~;~;10,4;4,7;~;~;~;~;~;-13,9;~;~;~;~;~
244;   Guyana;;328;B R;~;~;~;~;7;12; 22 079;~;~;~;~;0,1;0,1;70,8;~;~;~;~;10,8;150,3
245;   Paraguay;;600;B R;66;60;23;58;115;209; 5 298;0;0;0;0;0,1;0,1;3,1;-1,9;-19,2;18,5;13,7;11,9;64,7
246;   Peru;;604;B R;724;610;694; 1 184; 1 410; 1 867; 867 821;1,3;1,1;1;1,5;1,3;1,2;70,9;-3,4;2,6;10,7;3,5;5,6;122,8
247;   Suriname;;740;C R;52;50;~;~;8;5; 1 481;0,3;0,2;~;~;0;0;3,1;-0,8;~;~;~;-9,4;113,8
248;   Uruguay;;858;B R;87;132;82;130;229;380; 28 628;0,1;0,1;0,1;0,2;0,3;0,5;26,4;8,3;-9,5;9,2;11,3;10,1;86,4
249;   Venezuela (Bolivarian Republic of);;862;B R; 1 750; 1 613;207; 6 320; 217 406; 173 989; 67 804;0,2;0,2;0;0,6;16,1;12,4;5,1;-1,6;-41,1;68,4;70,8;-4,5;-18,8
250; NORTHERN AMERICA;;905;; 610 144; 775 419;1 019 706; 716 806; 487 428; 714 900;1 388 084;2,2;2,3;2,5;1,6;1;1,3;2,4;4,8;5,5;-7;-7,7;7,7;13,3
251;   Bermuda*;;60;B;~;~;~;~;~;~;~;~;~;~;~;~;~;~;~;~;~;~;~;~
252;   Canada;;124;B; 145 257; 152 125; 125 154; 167 723; 216 574; 155 530; 198 772;3,4;3,1;2,3;2,8;3,2;2,1;2,5;0,9;-3,9;5,9;5,1;-6,6;4,9
253;   Greenland*;;304;B;~;~;~;~;~;~;~;~;~;~;~;~;~;~;~;~;~;~;~;~
254;   Saint Pierre and Miquelon*;;666;B;~;~;~;~;~;~;~;~;~;~;~;~;~;~;~;~;~;~;~;~
255;   United States of America*;;840;B; 464 887; 623 294; 894 552; 549 083; 270 854; 559 370;1 189 312;2;2,2;2,6;1,4;0,6;1,2;2,3;5,9;7,2;-9,8;-14,1;14,5;15,1
256; OCEANIA ;;909;; 110 670; 92 440; 83 235; 82 492; 37 801; 69 894; 168 497;2,3;1,8;1,6;1,4;0,5;0,9;1,8;-3,6;-2,1;-0,2;-15,6;12,3;17,6
257;  Australia and New Zealand;;927;; 102 581; 82 839; 76 169; 72 489; 28 088; 59 090; 157 455;2,3;1,7;1,5;1,3;0,4;0,8;1,7;-4,3;-1,7;-1;-19;14,9;19,6
258;   Australia*;;36;B; 97 915; 79 081; 71 246; 66 786; 25 565; 57 594; 154 129;2,5;1,9;1,6;1,4;0,4;0,9;2;-4,3;-2,1;-1,3;-19,2;16,2;19,7
259;   New Zealand*;;554;B; 4 666; 3 758; 4 923; 5 703; 2 523; 1 496; 3 326;0,9;0,6;0,7;0,7;0,3;0,1;0,2;-4,3;5,4;2,9;-16,3;-10,5;16
260;  Melanesia;;928;; 8 089; 9 601; 7 066; 10 003; 9 710; 9 979; 9 861;8,9;9,9;7,4;9,6;8,8;8,4;7,9;3,4;-6,1;7;-0,6;0,5;-0,2
261;   Fiji;;242;B R;~;~;~;~;7;20;20;~;~;~;~;0,1;0,1;0,1;~;~;~;~;21;0
262;   New Caledonia*;;540;B;~;~;~;~;~;~;~;~;~;~;~;~;~;~;~;~;~;~;~;~
263;   Papua New Guinea;;598;C R; 8 089; 9 601; 7 066; 10 003; 9 699; 9 955; 9 840;24;28,6;26,9;33,4;31,9;32,2;31,7;3,4;-6,1;7;-0,6;0,5;-0,2
264;   Solomon Islands;;90;B R;~;~;~;~;~;~;~;~;~;~;~;~;~;~;~;~;~;~;~;~
265;   Vanuatu;;548;B R;~;~;~;~;~;~;~;~;~;~;~;~;~;~;~;~;~;~;~;~
266;  Micronesia;;954;;~;~;~;~;~;822; 1 179;~;~;~;~;~;0,7;1;~;~;~;~;~;7,2
267;   Guam*;;316;B;~;~;~;~;~;~;~;~;~;~;~;~;~;~;~;~;~;~;~;~
268;   Kiribati;;296;B;~;~;~;~;~;~;~;~;~;~;~;~;~;~;~;~;~;~;~;~
269;   Marshall Islands;;584;B;~;~;~;~;~;~;~;~;~;~;~;~;~;~;~;~;~;~;~;~
270;   Micronesia (Fed. States of);;583;B;~;~;~;~;~;14;~;~;~;~;~;~;0,5;~;~;~;~;~;~;~
271;   Nauru;;520;C R;~;~;~;~;~;808; 1 179;~;~;~;~;~;44,1;53,6;~;~;~;~;~;7,6
272;   Northern Mariana Islands*;;580;B;~;~;~;~;~;~;~;~;~;~;~;~;~;~;~;~;~;~;~;~
273;   Palau;;585;B;~;~;~;~;~;~;~;~;~;~;~;~;~;~;~;~;~;~;~;~
274;  Polynesia*;;957;;~;~;~;~;~;~;~;~;~;~;~;~;~;~;~;~;~;~;~;~
275;   American Samoa*;;16;B;~;~;~;~;~;~;~;~;~;~;~;~;~;~;~;~;~;~;~;~
276;   Cook Islands*;;184;B R;~;~;~;~;~;~;~;~;~;~;~;~;~;~;~;~;~;~;~;~
277;   French Polynesia*;;258;B R;~;~;~;~;~;~;~;~;~;~;~;~;~;~;~;~;~;~;~;~
278;   Niue*;;570;B;~;~;~;~;~;~;~;~;~;~;~;~;~;~;~;~;~;~;~;~
279;   Samoa;;882;B R;~;~;~;~;~;~;~;~;~;~;~;~;~;~;~;~;~;~;~;~
280;   Tokelau*;;772;B R;~;~;~;~;~;~;~;~;~;~;~;~;~;~;~;~;~;~;~;~
281;   Tonga;;776;B R;~;~;~;~;~;~;~;~;~;~;~;~;~;~;~;~;~;~;~;~
282;   Tuvalu;;798;C;~;~;~;~;~;~;~;~;~;~;~;~;~;~;~;~;~;~;~;~
283;   Wallis and Futuna Islands*;;876;B R;~;~;~;~;~;~;~;~;~;~;~;~;~;~;~;~;~;~;~;~
